ID,target,prompt_label,prompt,PCD SCORE,human_annotator_1,human_annotator_2,human_annotator_3,confidence,majority,gpt-4.1-mini
1,Batman,20_keywords,"dark, black, Gotham, superhero, batmobile, mask, detective, cape, night, armored, leather, cowl, Bat-signal, batwing, tactical, Batarang, gloves, boots, tall, iconic, cartoon",-0.03606906533,1,1,1,3,1,1
2,Batman,15_keywords_1,"cowl, tall, iconic, batmobile, armored, gloves, boots, Batarang, detective, superhero, cape, mask, night, Gotham, cartoon",-0.03726658225,1,1,1,3,1,1
3,Batman,15_keywords_2,"tall, cartoon, detective, Gotham, batwing, leather, tactical, night, cowl, mask, black, boots, batmobile, dark, superhero",-0.01861876249,1,1,1,3,1,1
4,Batman,15_keywords_3,"Batarang, mask, night, cowl, armored, detective, leather, Bat-signal, cape, superhero, batmobile, Gotham, black, iconic, boots",-0.01796966791,1,1,1,3,1,1
5,Batman,10_keywords_1,"iconic, dark, tactical, mask, cartoon, superhero, boots, armored, cape, gloves",-0.171505928,0,0,1,1,0,0
6,Batman,10_keywords_2,"batmobile, batwing, iconic, mask, black, Bat-signal, boots, Batarang, armored, tactical",-0.05824567378,0,0,0,0,0,0
7,Batman,10_keywords_3,"detective, mask, cartoon, iconic, leather, gloves, boots, cape, Bat-signal, black",-0.05409289896,1,1,1,3,1,1
8,Batman,5_keywords_1,"Gotham, tall, night, tactical, cape",-0.05554711819,1,1,1,3,1,1
9,Batman,5_keywords_2,"Bat-signal, Batarang, mask, armored, gloves",-0.01222854853,1,1,1,3,1,1
10,Batman,5_keywords_3,"dark, batmobile, black, Batarang, night",-0.09256078303,0,0,0,0,0,1
11,Batman,1,A mysterious cartoon character in a dark costume with a flowing cape stands against a shadowy urban backdrop.,-0.158111006,0,0,0,0,0,1
12,Batman,3,"A masked cartoon hero in sleek, dark attire, featuring a cape and a symbolic emblem, roams a nighttime urban alley.",-0.1816818267,0,0,0,0,0,0
13,Batman,5,"A determined cartoon hero sports a pointed dark mask, a distinctive bat-shaped emblem on his chest, a long flowing cape, and a practical belt, standing atop a gothic urban roof.",-0.1001559496,1,1,1,3,1,1
14,Batman,6,"A heroic animated figure in a fitted dark cowl with bat-like ears, an unmistakable bat insignia on his broad chest, and a sweeping cape paired with a utility belt, set amid a stormy city night.",-0.0764888823,1,1,1,3,1,1
15,Batman,8,"An iconic animated hero is depicted with a sleek dark cowl with bat ears, a well-defined bat symbol on his muscular chest, a cascading cape, and a detailed utility belt, all against a brooding nighttime cityscape.",-0.1038806438,1,1,1,3,1,1
16,Batman,11,"A vivid illustration presents a nocturnal guardian with a shadowed cowl complete with bat ears, a striking bat insignia on his chest, a dynamic cape flowing in the wind, and a utility belt packed with gadgets against a vivid urban skyline.",-0.08178699017,1,1,1,3,1,1
17,Batman,12,"A detailed comic rendering shows a heroic figure with a fitted dark cowl sporting distinctive bat ears, a large bat symbol emblazoned across his chest, a dramatic cape, and an intricate utility belt, all set against a rain-soaked, high-rise city background.",-0.1164413542,1,1,1,3,1,1
18,Batman,16,"An intense digital illustration portrays a masked avenger with a tailored dark cowl featuring distinct bat ears, a prominent bat symbol emblazoned on his chest, a long cascading cape, and an intricately designed utility belt, all under a stormy night sky over a dense urban landscape.",-0.08174917102,1,1,1,3,1,1
19,Batman,18,"A high-detail comic illustration features a vigilant masked character in a sleek dark cowl with signature bat ears, an unmistakable large bat emblem on his chest, a dramatic, flowing cape, and a utility belt laden with gadgets, all positioned within a rain-drenched, gothic metropolis.",-0.1032535434,1,1,1,3,1,1
20,Batman,20,"Batman as a brooding, legendary masked vigilante in a highly detailed comic-style illustration, featuring a sleek, form-fitting dark costume with a cowl that has sharply pointed bat ears, a prominently emblazoned bat emblem on his muscular chest, a long windswept cape, a fully-equipped utility belt with cutting-edge crime-fighting gadgets, all set atop a rain-soaked, gothic urban silhouette under a full moon.",-0.04115191102,1,1,1,3,1,1
1,Elsa,20_keywords,"Frozen, Disney, Snow, Silver, Winter, Crown, Magic, Gown, Frost, Cape, Glitter, Snowflakes, Tiara, Braid, Sparkle, Ice Queen, Cool, Fantasy, Animation, Hairstyle, cartoon",-0.09893664718,0,0,0,0,0,1
2,Elsa,15_keywords_1,"Glitter, Cool, Braid, Frozen, Sparkle, Winter, Ice Queen, Tiara, Frost, Hairstyle, Disney, Silver, Magic, Animation, Fantasy",-0.09130480886,0,0,0,0,0,1
3,Elsa,15_keywords_2,"Glitter, Gown, Ice Queen, Hairstyle, Frost, Tiara, Snowflakes, Snow, Cape, Magic, Crown, Winter, Sparkle, cartoon, Disney",-0.09159120917,0,0,0,0,0,1
4,Elsa,15_keywords_3,"Winter, Magic, Fantasy, Gown, Cape, Animation, Sparkle, Snow, cartoon, Braid, Hairstyle, Silver, Ice Queen, Snowflakes, Disney",-0.1541239917,0,0,0,0,0,1
5,Elsa,10_keywords_1,"Winter, Silver, Crown, Snow, Gown, Disney, Animation, Tiara, Frozen, Frost",-0.109524101,0,0,0,0,0,1
6,Elsa,10_keywords_2,"Braid, Sparkle, Hairstyle, cartoon, Frozen, Ice Queen, Snow, Frost, Disney, Cape",-0.03277876973,1,1,1,3,1,1
7,Elsa,10_keywords_3,"Animation, Frost, Crown, Disney, Snowflakes, Frozen, Tiara, Hairstyle, Silver, cartoon",-0.04354524612,1,1,1,3,1,1
8,Elsa,5_keywords_1,"Magic, Cape, Snowflakes, Fantasy, Braid",-0.1522143334,0,0,0,0,0,0
9,Elsa,5_keywords_2,"Sparkle, Animation, Frozen, Snowflakes, Magic",-0.04984900355,1,1,1,3,1,1
10,Elsa,5_keywords_3,"Cape, Silver, Disney, Glitter, Snow",-0.1403243244,0,0,0,0,0,0
11,Elsa,2,"A cartoon figure with a subtle aura of frost, wearing light blue clothing with gentle shimmer.",-0.05590951443,0,0,0,0,0,0
12,Elsa,3,A cheerful animated character featuring soft icy tones and delicate accents of blue and white.,-0.08205407858,0,0,0,0,0,1
13,Elsa,10,"A dynamic portrait of a regal character with softly braided platinum hair and a refined light-blue gown featuring intricate frost patterns, set in a magical winter forest with drifting snow.",-0.1504267901,0,0,1,1,0,1
14,Elsa,11,"An expressive animated character with signature platinum braids, donning an elaborately detailed ice-blue dress with exquisite snowflake designs, against a backdrop of a glacial palace and softly falling snow.",-0.08723396063,1,1,1,3,1,1
15,Elsa,12,"A detailed illustration of a cartoon ice sorceress with elegant platinum braids, wearing a high-collared, shimmering blue gown embellished with delicate crystalline motifs, as swirling winter winds create a magical ambiance.",-0.0960482657,0,0,0,0,0,1
16,Elsa,14,"A captivating scene of a serene ice enchantress with flowing platinum braids, an exquisitely detailed blue dress with snowflake embroidery and shimmering accents, set amidst a twilight winter wonderland of ice castles.",-0.09869047999,0,0,1,1,0,1
17,Elsa,15,"A richly detailed animated portrait featuring a regal character with impeccably braided platinum hair, clothed in an ornate, ice-blue gown patterned with intricate frost designs, framed by a stunning winter cityscape with icy spires.",-0.1104374975,0,0,0,0,0,1
18,Elsa,16,"A sophisticated illustration of a cartoon ice queen with signature platinum braids and a flowing, elaborately decorated blue gown adorned with delicate crystalline frost motifs, standing in a breathtaking winter wonderland.",-0.1096104681,0,0,0,0,0,1
19,Elsa,17,"A dynamic depiction of an animated ice sorceress with glossy, intricately braided platinum hair, wearing a layered ice-blue gown embellished with sparkling snowflake and crystal motifs, set against a magical kingdom of glittering ice.",-0.1107619703,0,0,0,0,0,1
20,Elsa,20,"A masterpiece of digital art: Elsa, the iconic ice queen with long, immaculate platinum braids, wearing an exquisitely detailed, shimmering ice-blue gown adorned with intricate snowflake and frost motifs, her poised expression exuding regal winter magic as she stands amidst a breathtaking kingdom of glistening ice palaces and softly cascading snowflakes.",-0.05926352739,0,0,1,1,0,1
1,Mario,20_keywords,"Nintendo, Bowser, Yoshi, Italian, Princess Peach, video games, Cap, coins, plumber, Question Block, hero, jumping, power-ups, mustache, iconic, mushroom kingdom, Fire Flower, Super Star, jumps, pipes, cartoon",-0.03001439571,1,1,1,3,1,1
2,Mario,15_keywords_1,"Italian, plumber, iconic, Cap, video games, Super Star, Question Block, Bowser, Nintendo, mushroom kingdom, power-ups, cartoon, mustache, jumping, pipes",0.01764932275,1,1,1,3,1,1
3,Mario,15_keywords_2,"power-ups, coins, hero, plumber, jumps, pipes, Princess Peach, mushroom kingdom, Super Star, Fire Flower, Question Block, Italian, Cap, jumping, Yoshi",-0.05411416292,1,1,1,3,1,1
4,Mario,15_keywords_3,"coins, hero, Question Block, pipes, Super Star, Yoshi, Italian, Cap, Bowser, mustache, Nintendo, iconic, mushroom kingdom, cartoon, Fire Flower",-0.06692707539,1,1,1,3,1,1
5,Mario,10_keywords_1,"Yoshi, Nintendo, Princess Peach, pipes, jumping, Question Block, hero, coins, Cap, Italian",-0.03133636713,1,1,1,3,1,1
6,Mario,10_keywords_2,"plumber, Nintendo, power-ups, coins, pipes, mushroom kingdom, cartoon, mustache, Yoshi, Super Star",-0.0521749258,1,1,1,3,1,1
7,Mario,10_keywords_3,"jumping, Yoshi, pipes, Nintendo, power-ups, jumps, Super Star, cartoon, Fire Flower, iconic",-0.03822374344,1,1,1,3,1,1
8,Mario,5_keywords_1,"jumping, Cap, jumps, coins, Princess Peach",-0.1398937702,0,0,0,0,0,0
9,Mario,5_keywords_2,"Italian, Yoshi, mustache, Cap, cartoon",0.01300272346,1,1,1,3,1,1
10,Mario,5_keywords_3,"video games, jumps, pipes, Nintendo, hero",-0.04971083999,1,1,1,3,1,1
11,Mario,1,A vibrant cartoon character with a red cap and playful energy in a colorful animated world.,-0.1400634348,0,0,0,0,0,1
12,Mario,3,"An animated character sporting a red cap and hinting at a blue outfit, set against a bright, inviting backdrop.",-0.08883106709,0,0,0,0,0,1
13,Mario,4,"A smiling cartoon character with a red cap and subtle blue overalls, rendered in a classic, playful style.",-0.08749398589,0,0,0,0,0,1
14,Mario,7,"A detailed illustration of a mustachioed plumber wearing a red cap with an emblem, blue overalls, and a matching red shirt, set in a vibrant video game scene with pipes, coins, and whimsical brick blocks.",-0.1703453958,0,1,1,2,1,1
15,Mario,9,"An engaging cartoon scene featuring a cheerful plumber with a signature red cap carrying an 'M' emblem, a full bushy mustache, blue overalls paired with a red shirt, and a backdrop of iconic green pipes, brick blocks, and floating coins.",-0.1173422039,1,1,1,3,1,1
16,Mario,10,"A vibrant depiction of a classic video game hero: a mustachioed plumber with a red cap branded by an 'M', blue overalls, and a red shirt, energetically mid-jump among detailed green pipes, golden coins, and retro brick platforms.",-0.1086744666,1,1,1,3,1,1
17,Mario,11,"A richly detailed digital painting of a renowned plumber character, complete with a red cap emblazoned with an 'M', a vigorous bushy mustache, blue denim overalls, and a red shirt, captured mid-leap in a pixel art world filled with green pipes and shining coins.",-0.1129441857,1,1,1,3,1,1
18,Mario,12,"A high-resolution illustration featuring a dynamic, mustachioed plumber in a red cap with a signature emblem, blue overalls, and a bold red shirt; he’s shown leaping through a magical video game environment with iconic green pipes, glowing coins, and charming brick platforms.",-0.1172850728,1,1,1,3,1,1
19,Mario,13,"A captivating scene of a modern cartoon plumber hero wearing a distinctive red cap with an 'M', a full bushy mustache, classic blue overalls, and a bright red shirt, actively jumping amidst a richly textured pixelated world with green pipes, coins, mushrooms, and brick blocks.",-0.1297467947,1,1,1,3,1,1
20,Mario,20,"Mario, the iconic video game plumber, vividly illustrated with his trademark red cap emblazoned with a bold ""M"", a thick bushy mustache, blue denim overalls, and a bright red shirt; dynamically captured in mid-jump within a meticulously detailed pixel art universe featuring classic green pipes, layered brick platforms, glittering golden coins, power-up mushrooms and stars, and a vibrant, nostalgic game landscape that unmistakably brings his legendary character to life.",-0.05409348011,1,1,1,3,1,1
1,Mickey Mouse,20_keywords,"Disney, clubhouse, red, Walt Disney, black, cartoon, ears, white, classic, character, happy, fun, magic, silhouette, shorts, round, animation, mascot, animated, gloves, cartoon",0.01823711395,1,1,1,3,1,1
2,Mickey Mouse,15_keywords_1,"red, cartoon, gloves, magic, black, round, Walt Disney, mascot, cartoon, animation, animated, ears, fun, Disney, clubhouse",-0.02487140894,1,1,1,3,1,1
3,Mickey Mouse,15_keywords_2,"Disney, shorts, classic, animated, cartoon, white, Walt Disney, gloves, character, clubhouse, silhouette, red, cartoon, magic, fun",-0.102398634,0,0,0,0,0,1
4,Mickey Mouse,15_keywords_3,"animated, fun, classic, round, silhouette, white, shorts, cartoon, black, Walt Disney, ears, cartoon, mascot, animation, red",-0.04254716635,1,1,0,2,1,1
5,Mickey Mouse,10_keywords_1,"Walt Disney, animation, black, character, gloves, animated, magic, silhouette, clubhouse, shorts",-0.187237598,0,0,0,0,0,0
6,Mickey Mouse,10_keywords_2,"white, ears, black, magic, clubhouse, animated, mascot, shorts, character, gloves",-0.1834092736,0,0,0,0,0,0
7,Mickey Mouse,10_keywords_3,"animation, Disney, silhouette, black, ears, cartoon, magic, cartoon, gloves, shorts",-0.07824385166,1,1,0,2,1,1
8,Mickey Mouse,5_keywords_1,"shorts, fun, red, cartoon, cartoon",-0.155819267,0,0,0,0,0,0
9,Mickey Mouse,5_keywords_2,"clubhouse, animation, Disney, animated, cartoon",-0.2012387961,0,0,0,0,0,0
10,Mickey Mouse,5_keywords_3,"clubhouse, magic, fun, red, character",-0.2632357031,0,0,0,0,0,0
11,Mickey Mouse,1,"A cheery cartoon mouse character with a subtle nod to vintage animation, featuring a hint of large, rounded ears and a classic color scheme.",-0.110176459,0,0,0,0,0,0
12,Mickey Mouse,4,"A smiling animated mouse with prominent circular ears and soft contrasting colors, reminiscent of early animation styles with delicate glove-like details.",-0.1591417193,0,0,0,0,0,0
13,Mickey Mouse,5,"A charming animated mouse showcasing oversized round ears, a hint of red shorts, and distinctive white gloves, evoking a timeless cartoon vibe.",-0.09682658315,0,0,0,0,0,0
14,Mickey Mouse,10,"A vibrant cartoon mouse with classic large round ears, distinct red shorts, bright yellow shoes, and striking white gloves, rendered in a cheerful, old-school animation style.",-0.1534120888,0,0,0,0,0,1
15,Mickey Mouse,12,"A detailed animated mouse character with prominent round ears, a classic outfit of red shorts, bright yellow shoes, and crisp white gloves, displayed in an engaging, fantastical scene.",-0.1411424875,0,0,0,0,0,0
16,Mickey Mouse,14,"A spirited cartoon mouse showcasing trademark oversized round ears, vivid red shorts, bold yellow shoes, and clean white gloves, playfully posed in a richly detailed animated park.",-0.1592723429,0,0,0,0,0,0
17,Mickey Mouse,15,"A vividly illustrated animated mouse characterized by large round ears, signature red shorts, sunny yellow shoes, and white gloves, exhibiting a lively stance and cheerful expression against a fantasy cartoon backdrop.",-0.183113724,0,0,0,0,0,0
18,Mickey Mouse,16,"A dynamic depiction of an animated mouse with distinctive large circular ears, red shorts, oversized yellow shoes, and white gloves, posed energetically in a richly detailed animated townscape.",-0.2103627175,0,0,0,0,0,1
19,Mickey Mouse,17,"An intricately designed cartoon mouse featuring unmistakable large round ears, bold red shorts, striking yellow shoes, and clean white gloves, brought to life with animated expressions in a bustling, storybook environment.",-0.1579607576,0,0,0,0,0,0
20,Mickey Mouse,20,"A comprehensive, unmistakable depiction of Mickey Mouse: an animated character with perfectly circular, oversized ears, classic red shorts, bold yellow shoes, and crisp white gloves, complete with a cheerful smile and sparkling eyes, dynamically set in a richly detailed, whimsical animated landscape.",-0.02115893364,1,1,1,3,1,1
1,Pikachu,20_keywords,"Pokémon, cute, anime, toy, yellow, character, red, series, mascot, small, Ash Ketchum, short, tail, ears, creature, electric, collectible, mouse, fictional, video games, cartoon",-0.06535184383,1,1,1,3,1,1
2,Pikachu,15_keywords_1,"fictional, mascot, short, creature, yellow, cute, character, Pokémon, cartoon, collectible, mouse, tail, toy, Ash Ketchum, small",-0.06092944741,1,1,1,3,1,1
3,Pikachu,15_keywords_2,"small, Pokémon, red, fictional, tail, electric, creature, cute, video games, mouse, series, collectible, cartoon, Ash Ketchum, yellow",-0.08269873261,1,1,1,3,1,1
4,Pikachu,15_keywords_3,"mouse, series, video games, character, small, cute, electric, fictional, red, creature, mascot, short, anime, tail, cartoon",-0.2545370162,0,0,0,0,0,0
5,Pikachu,10_keywords_1,"short, electric, video games, cartoon, collectible, series, mascot, Ash Ketchum, mouse, character",-0.1484620422,0,0,0,0,0,0
6,Pikachu,10_keywords_2,"Pokémon, mouse, yellow, cute, mascot, fictional, tail, small, toy, anime",-0.05825206637,1,1,1,3,1,1
7,Pikachu,10_keywords_3,"collectible, toy, short, red, mouse, series, yellow, electric, character, anime",-0.2732622027,0,0,0,0,0,1
8,Pikachu,5_keywords_1,"video games, collectible, cute, tail, mouse",-0.2031171471,0,0,0,0,0,0
9,Pikachu,5_keywords_2,"collectible, anime, electric, fictional, character",-0.1726429835,0,0,0,0,0,0
10,Pikachu,5_keywords_3,"mouse, Pokémon, video games, electric, small",-0.1680451185,0,0,0,0,0,0
11,Pikachu,2,"A small, vibrant cartoon character in predominantly yellow hues with subtle blush on its cheeks and gently pointed ears.",-0.1972256154,0,0,0,0,0,0
12,Pikachu,5,"A small, chubby cartoon creature with bright yellow fur, rosy red cheeks, and pointed ears featuring dark tips, exuding energetic charm.",-0.09640486538,0,0,0,0,0,0
13,Pikachu,9,"A dynamic depiction of a cute yellow cartoon character with prominent dark-tipped pointed ears, glowing red cheeks, and an emerging zigzag tail, set in a vivid, energetic landscape.",-0.1654494554,0,0,0,0,0,0
14,Pikachu,12,"An expressive digital painting of a lively yellow cartoon figure displaying signature dark-tipped pointed ears, bright red cheeks, and a distinct lightning bolt tail, set against a dynamic urban backdrop.",-0.1502545029,0,0,0,0,0,0
15,Pikachu,13,"A captivating scene showcasing a cheerful yellow character with iconic dark-tipped pointed ears, pronounced red cheeks, and a uniquely zigzag lightning bolt tail, illustrated with lively, animated motion.",-0.1840153784,0,0,0,0,0,0
16,Pikachu,15,"A comprehensive digital artwork featuring a small yellow character with clearly defined dark-tipped pointed ears, vibrant red cheeks, and an unmistakable lightning bolt tail, interacting with a charmingly detailed fantasy setting.",-0.1727401614,0,0,0,0,0,0
17,Pikachu,16,"An intricate depiction of a spirited yellow creature boasting signature dark-tipped pointed ears, blushing red cheeks, and a dynamic zigzag lightning bolt tail, rendered in a richly textured urban fantasy scene.",-0.1626586914,0,0,0,0,0,1
18,Pikachu,17,"A finely detailed illustration of a joyful yellow character with its trademark dark-tipped pointed ears, bright red cheeks, and a well-defined lightning bolt tail, set in a sunlit, whimsical forest clearing.",-0.108254686,0,0,0,0,0,0
19,Pikachu,18,"An elaborate digital composition portraying a dynamic yellow cartoon figure with distinctive dark-tipped pointed ears, radiant red cheeks, and a prominent zigzag lightning bolt tail, staged in a bustling modern cityscape.",-0.1261731684,0,0,0,0,0,0
20,Pikachu,20,"An exquisitely detailed digital illustration of Pikachu—the iconic yellow Pokémon—with signature dark-tipped pointed ears, bright rosy cheeks, and a distinct lightning bolt-shaped tail, rendered in a dynamic, high-energy style complete with a playful expression, vibrant environmental accents, and intricate background elements that unmistakably capture the beloved character’s essence.",-0.06986278296,1,1,1,3,1,1
1,Sonic the Hedgehog,20_keywords,"hedgehog, Sega, tails, video game, Blue, Genesis, zone, cartoon, Sonic boom, adventure, comics, speed, rings, running, collectible, fast, cool, sneakers, mascot, hero, cartoon",-0.04907006025,1,1,1,3,1,1
2,Sonic the Hedgehog,15_keywords_1,"comics, sneakers, Genesis, cartoon, speed, Blue, rings, tails, hero, video game, cartoon, hedgehog, Sega, zone, Sonic boom",-0.05140644312,1,1,1,3,1,1
3,Sonic the Hedgehog,15_keywords_2,"sneakers, Sega, Blue, cartoon, Genesis, cool, video game, adventure, hero, comics, collectible, hedgehog, cartoon, zone, mascot",-0.1723565757,0,0,1,1,0,1
4,Sonic the Hedgehog,15_keywords_3,"hero, Blue, collectible, Genesis, cartoon, rings, tails, zone, sneakers, adventure, cool, hedgehog, comics, Sega, mascot",-0.1148354411,1,1,1,3,1,1
5,Sonic the Hedgehog,10_keywords_1,"cartoon, video game, adventure, running, sneakers, Sonic boom, tails, Genesis, cartoon, comics",-0.1109384298,0,0,0,0,0,0
6,Sonic the Hedgehog,10_keywords_2,"adventure, hedgehog, Sonic boom, rings, mascot, speed, Blue, fast, zone, video game",-0.03734433651,1,1,1,3,1,1
7,Sonic the Hedgehog,10_keywords_3,"Genesis, zone, Sega, cool, fast, Sonic boom, tails, rings, running, collectible",0.002064138651,1,1,1,3,1,1
8,Sonic the Hedgehog,5_keywords_1,"mascot, cartoon, hedgehog, hero, Genesis",-0.1412582397,0,0,0,0,0,0
9,Sonic the Hedgehog,5_keywords_2,"fast, sneakers, hero, adventure, Sonic boom",-0.04439246655,1,1,1,3,1,1
10,Sonic the Hedgehog,5_keywords_3,"tails, Genesis, sneakers, fast, running",-0.1430036128,0,0,0,0,0,0
11,Sonic the Hedgehog,1,"A lively blue cartoon creature with a subtle spiky hairstyle, full of energy, standing on a simple background.",-0.2379522622,0,0,0,0,0,0
12,Sonic the Hedgehog,3,"A playful blue character with soft, spiky hair and expressive eyes, depicted in a dynamic, animated art style that subtly hints at speed.",-0.2197235525,0,0,0,0,0,0
13,Sonic the Hedgehog,4,"A cheerful blue cartoon figure with visible spiky hair and a hint of heroism, standing in a relaxed pose on a clean, simple background.",-0.1322637498,0,0,0,0,0,0
14,Sonic the Hedgehog,6,"A striking blue hedgehog-style character featuring pronounced spiky hair, vibrant red sneakers with white details, and crisp white gloves, set against a dynamic backdrop.",-0.08305177093,1,1,1,3,1,1
15,Sonic the Hedgehog,7,"An animated blue hedgehog with bold, spiky hair, red running shoes with white trim, and white gloves, depicted in mid-run with a sense of high-speed action.",-0.09699174762,0,1,1,2,1,1
16,Sonic the Hedgehog,9,"A vivid illustration of a blue hedgehog with sharp, spiky blue hair, bold red sneakers with white stripes, and clean white gloves, captured mid-sprint in an energetic scene.",-0.1107427478,0,1,1,2,1,1
17,Sonic the Hedgehog,11,"An animated blue hedgehog with iconic spiky hair, vibrant red running shoes lined with white, and signature white gloves, shown in a dynamic running pose against a digital cityscape.",-0.1261730492,0,1,0,1,0,1
18,Sonic the Hedgehog,14,"A carefully illustrated blue hedgehog with unmistakable spiky hair, vibrant red sneakers with white stripes, and white gloves, sprinting dynamically across a futuristic city filled with neon glows.",-0.1518268287,0,0,0,0,0,1
19,Sonic the Hedgehog,15,"A high-energy depiction of a blue hedgehog with energetic spiky blue hair, classic red sneakers with white accents, and salient white gloves, running with dramatic motion blur through a cyberpunk urban landscape.",-0.1292686462,0,0,0,0,0,1
20,Sonic the Hedgehog,20,"Sonic the Hedgehog: a fully detailed illustration of the iconic blue speedster featuring his signature spiky blue hair, vibrant green eyes, classic red sneakers with white stripes, and white gloves, captured in mid-run through an intricately rendered futuristic cityscape with vivid neon lights, dynamic motion blur, and an exhilarating sense of speed and adventure.",-0.06640124321,1,1,1,3,1,1
1,Spider_man,20_keywords,"costume, Marvel Comics, superhero, mask, New York, stealth, jumpsuit, swinging, friendly neighborhood, young, hooded, web-shooter, web-slinger, spider-sense, climbing, iconic, symbol, crawling, athletic, wall-crawler, cartoon",-0.05681359768,1,1,1,3,1,1
2,Spider_man,15_keywords_1,"stealth, New York, athletic, web-shooter, Marvel Comics, mask, cartoon, costume, hooded, spider-sense, wall-crawler, swinging, friendly neighborhood, superhero, iconic",-0.1819069088,1,1,1,3,1,1
3,Spider_man,15_keywords_2,"jumpsuit, young, hooded, superhero, costume, wall-crawler, symbol, New York, climbing, mask, stealth, friendly neighborhood, iconic, swinging, athletic",-0.1342249811,1,1,0,2,1,1
4,Spider_man,15_keywords_3,"superhero, athletic, wall-crawler, web-slinger, stealth, Marvel Comics, young, jumpsuit, mask, swinging, cartoon, climbing, spider-sense, symbol, friendly neighborhood",-0.0276286006,1,1,1,3,1,1
5,Spider_man,10_keywords_1,"wall-crawler, cartoon, Marvel Comics, crawling, hooded, stealth, swinging, New York, athletic, web-slinger",-0.1116620898,1,1,1,3,1,1
6,Spider_man,10_keywords_2,"spider-sense, web-shooter, stealth, friendly neighborhood, wall-crawler, swinging, mask, symbol, superhero, costume",-0.0263825357,1,1,1,3,1,1
7,Spider_man,10_keywords_3,"swinging, cartoon, athletic, Marvel Comics, jumpsuit, New York, costume, web-shooter, wall-crawler, friendly neighborhood",-0.0347366333,1,1,1,3,1,1
8,Spider_man,5_keywords_1,"wall-crawler, web-slinger, superhero, web-shooter, Marvel Comics",-0.01163673401,1,1,1,3,1,1
9,Spider_man,5_keywords_2,"young, Marvel Comics, superhero, crawling, cartoon",-0.1542872339,0,0,0,0,0,1
10,Spider_man,5_keywords_3,"iconic, stealth, climbing, superhero, web-shooter",-0.1081914306,0,1,0,1,0,1
11,Spider_man,1,"Create an illustration of a cartoon hero wearing a predominantly red outfit with subtle dark, web-like patterns and a mystery-shrouded mask.",-0.1921830475,0,0,0,0,0,1
12,Spider_man,2,"Depict an animated character in a red costume with hints of intricate web details on the fabric, set against a softly rendered urban background.",-0.1467598975,0,0,0,0,0,0
13,Spider_man,3,"Render a dynamic cartoon figure outfitted in a red suit featuring faint black webbing patterns and a simple mask with expressive eyes, posed against a minimalist cityscape.",-0.1520790607,0,1,0,1,0,0
14,Spider_man,5,"Generate an image of a nimble, web-slinging hero in a red and blue costume featuring detailed black web patterns, a mask with large expressive white eyes, and a dynamic urban setting.",-0.04402017593,1,1,1,3,1,1
15,Spider_man,7,"Illustrate a dynamic vigilante in a red and blue spandex suit adorned with fine black web patterns and a sleek mask emphasizing white eyes, leaping between high-rise buildings during twilight.",-0.1265467703,0,1,1,2,1,1
16,Spider_man,8,"Render a vibrant scene of an agile hero in a red and blue costume decorated with intricate web patterns and a subtle spider emblem, his masked face exuding determination as he swings across an urban skyline.",-0.0477207005,1,1,1,3,1,1
17,Spider_man,12,"Design an image of a celebrated web-slinger in a form-fitting red and blue outfit decorated with flowing black web patterns and a bold spider emblem on the chest, his mask with brilliant white eyes adding mystery, set in a densely detailed modern city at dusk.",-0.08659616113,1,1,1,3,1,1
18,Spider_man,17,"Craft a detailed illustration of a famed web-slinger in a classic red and blue costume, complete with elaborate black webbing and a central spider motif on his chest, and a mask with prominent white eyes; include a richly rendered nighttime cityscape with rain, neon lights, and skyscraper silhouettes as he leaps dynamically.",-0.05327650905,1,1,1,3,1,1
19,Spider_man,18,"Render an intricate artwork of a celebrated urban superhero in his iconic red and blue spandex suit decorated with precise black web patterns and a vivid spider emblem, his mask displaying large, determined white eyes, set against an atmospheric city scene with glowing neon signs, reflective puddles, and towering buildings.",-0.0961689949,1,1,1,3,1,1
20,Spider_man,20,"Illustrate Spider-Man, the iconic web-slinging superhero, in a vivid, ultra-detailed digital artwork: capture his classic red and blue spandex suit adorned with meticulously crafted black web patterns and an unmistakable spider emblem on his chest; his sleek mask features large, expressive white eyes that exude determination, while he swings dynamically through a rain-drenched nighttime New York City, complete with reflective wet streets, towering skyscrapers, and ambient neon lighting that emphasizes every acrobatic detail of his heroic presence.",-0.03846731782,1,1,1,3,1,1
1,Spongebob Squarepants,20_keywords,"Bikini Bottom, Nickelodeon, cartoon, yellow, Squidward, Krusty Krab, Patrick Star, pineapple, pants, Gary, sea, Krabs, Krabby Patty, square, fun, socks, Sandy Cheeks, animated, shoes, jellyfish, cartoon",-0.02018949389,1,1,1,3,1,1
2,Spongebob Squarepants,15_keywords_1,"sea, Patrick Star, Bikini Bottom, yellow, Gary, fun, Nickelodeon, Squidward, animated, cartoon, cartoon, shoes, pineapple, square, Sandy Cheeks",-0.02686659992,1,1,0,2,1,1
3,Spongebob Squarepants,15_keywords_2,"jellyfish, fun, pants, socks, Krabs, square, Patrick Star, animated, Krusty Krab, Gary, yellow, shoes, cartoon, Sandy Cheeks, Nickelodeon",-0.1028078049,0,0,0,0,0,0
4,Spongebob Squarepants,15_keywords_3,"Nickelodeon, fun, Sandy Cheeks, jellyfish, Squidward, cartoon, Krabs, pineapple, pants, square, yellow, animated, Gary, Krusty Krab, Patrick Star",-0.118332088,0,0,0,0,0,1
5,Spongebob Squarepants,10_keywords_1,"Krabby Patty, Squidward, Gary, sea, cartoon, jellyfish, animated, socks, cartoon, Patrick Star",-0.09159909189,0,0,0,0,0,0
6,Spongebob Squarepants,10_keywords_2,"pineapple, cartoon, shoes, jellyfish, Nickelodeon, pants, Krusty Krab, Squidward, Krabs, square",-0.1115075052,0,0,0,0,0,0
7,Spongebob Squarepants,10_keywords_3,"Patrick Star, fun, animated, square, yellow, pineapple, Krusty Krab, Krabs, pants, Squidward",-0.02058088779,1,1,1,3,1,1
8,Spongebob Squarepants,5_keywords_1,"fun, Patrick Star, Nickelodeon, Squidward, Gary",-0.01140737534,0,0,0,0,0,1
9,Spongebob Squarepants,5_keywords_2,"square, shoes, Patrick Star, Sandy Cheeks, pants",-0.1330136508,0,0,0,0,0,0
10,Spongebob Squarepants,5_keywords_3,"sea, fun, cartoon, cartoon, Krabs",-0.1702529863,0,0,0,0,0,0
11,Spongebob Squarepants,1,"A quirky cartoon character with a square, bright yellow body, hinted by a playful, spongy texture, in a soft underwater backdrop.",-0.1541824341,0,0,0,0,0,1
12,Spongebob Squarepants,2,"A whimsical animated figure with a square, yellow form and subtle porous details, evoking a sense of buoyant humor in a gentle ocean scene.",-0.1176417172,0,0,0,0,0,0
13,Spongebob Squarepants,3,"An illustrated character featuring a bold yellow, square shape with a hint of a porous texture, set against an abstract underwater environment.",-0.1073505878,0,0,0,0,0,1
14,Spongebob Squarepants,5,"A lively animated sponge with a distinctly square, porous yellow body, wearing a crisp white collared shirt, a red tie, and brown pants, complete with large blue eyes and a beaming smile, set in an underwater scene.",-0.06434938312,1,1,0,2,1,1
15,Spongebob Squarepants,7,"A dynamic animated figure featuring a quirky, square yellow sponge with a porous texture, wearing his iconic white shirt, red tie, and brown pants, displaying large blue eyes and an infectious grin, set amid a playful undersea world.",-0.09958741069,1,1,0,2,1,1
16,Spongebob Squarepants,8,"An energetic illustration of a cartoon sea sponge with a square, porous yellow body, detailed with a white collared shirt, red tie, and brown pants, accented by big, friendly blue eyes and a joyful smile, against a vivid underwater backdrop.",-0.09573513269,0,0,0,0,0,1
17,Spongebob Squarepants,9,"A vibrant character scene depicting a porous, square-shaped yellow sponge wearing a neat white shirt, red tie, and brown pants, with pronounced blue eyes and an exuberant smile, immersed in a bustling oceanic environment.",-0.1038834155,1,1,0,2,1,1
18,Spongebob Squarepants,11,"A dynamic animation-style image of a porous, square yellow sponge proudly sporting his signature white shirt, red tie, and brown pants, complete with oversized blue eyes and a bright smile, positioned in a richly detailed underwater town.",-0.1143729687,1,1,0,2,1,1
19,Spongebob Squarepants,13,"An intricately drawn cartoon character of a porous, square-shaped yellow sponge in his iconic white shirt, red tie, and brown pants, accentuated by big blue eyes and a cheerful smile, interacting with a vividly rendered underwater environment filled with coral and playful sea life.",-0.08916410804,0,1,0,1,0,1
20,Spongebob Squarepants,20,"A hyper-detailed digital painting of Spongebob Squarepants, the iconic porous yellow sea sponge with a perfectly square body, wearing his signature white collared shirt, bright red tie, and brown pants, featuring large, expressive blue eyes and an unmistakable, beaming smile, brought to life in the bustling, imaginative undersea world of Bikini Bottom with intricate coral reefs, dynamic marine life, and playful aquatic details.",-0.0784574151,1,1,1,3,1,1
1,Tinkerbell,20_keywords,"Disney, Fairy, Peter Pan, wings, light, cute, pixie dust, Neverland, magical, blonde, fairy tale, animated, fantasy, tiny, flight, bright, green dress, sassy, enchanting, glowing, cartoon",-0.09626692533,0,1,0,1,0,1
2,Tinkerbell,15_keywords_1,"green dress, glowing, Disney, cute, fantasy, animated, wings, pixie dust, flight, Fairy, light, blonde, magical, cartoon, sassy",-0.1459691525,0,1,0,1,0,1
3,Tinkerbell,15_keywords_2,"magical, fairy tale, Neverland, Disney, blonde, tiny, wings, enchanting, fantasy, cartoon, sassy, Fairy, animated, cute, glowing",-0.134955287,0,0,0,0,0,1
4,Tinkerbell,15_keywords_3,"green dress, fantasy, enchanting, glowing, Peter Pan, blonde, light, Fairy, fairy tale, pixie dust, bright, Disney, flight, cute, wings",-0.1328581274,0,1,0,1,0,1
5,Tinkerbell,10_keywords_1,"fantasy, Disney, enchanting, cartoon, cute, magical, green dress, Neverland, light, wings",-0.1319428682,0,0,0,0,0,1
6,Tinkerbell,10_keywords_2,"cartoon, cute, fairy tale, magical, Disney, tiny, blonde, pixie dust, light, enchanting",-0.1799871176,0,0,0,0,0,0
7,Tinkerbell,10_keywords_3,"green dress, glowing, tiny, wings, Peter Pan, pixie dust, cute, fairy tale, Disney, Fairy",-0.1113669276,0,1,0,1,0,1
8,Tinkerbell,5_keywords_1,"Neverland, Peter Pan, fantasy, blonde, enchanting",-0.1233260334,0,0,0,0,0,0
9,Tinkerbell,5_keywords_2,"glowing, Disney, cute, fantasy, pixie dust",-0.07357092202,0,1,0,1,0,1
10,Tinkerbell,5_keywords_3,"glowing, enchanting, light, magical, fantasy",-0.1642525643,0,0,0,0,0,0
11,Tinkerbell,1,"A cartoon fairy with a gentle glow and softly shimmering wings in a light, enchanted style.",-0.119121328,0,0,0,0,0,0
12,Tinkerbell,3,"A cheerful cartoon fairy with glimmering, semi-transparent wings and a hint of a leafy green hue, evoking a sense of wonder.",-0.1094736606,0,0,0,0,0,1
13,Tinkerbell,6,"A radiant fairy with neatly styled blonde hair in a bun, glowing translucent wings, and a sparkling green tunic, gently releasing a shimmer of fairy dust.",-0.113864392,0,0,0,0,0,1
14,Tinkerbell,7,"A detailed cartoon fairy with blonde hair pulled into a bun, luminous, butterfly-inspired wings, and a signature green outfit, gracefully hovering against a starry sky.",-0.05901038647,0,1,0,1,0,1
15,Tinkerbell,8,"An animated fairy character with delicate blonde hair, shimmering, translucent wings, and a simple yet enchanting green dress, accentuated by a trail of magical pixie dust in a whimsical backdrop.",-0.1222054362,0,0,0,0,0,1
16,Tinkerbell,10,"A vivid animated scene featuring a petite fairy with blonde hair in a bun, carefully detailed translucent wings resembling a butterfly’s, and a classic green dress enhanced with subtle floral patterns, all amidst a softly lit magical forest.",-0.1281116307,0,0,0,0,0,1
17,Tinkerbell,13,"A finely detailed animated fairy showcasing lustrous blonde hair styled into a bun, exquisite translucent butterfly wings, and a classic green dress featuring delicate floral embroidery, set in a magical nighttime woodland with sparkling pixie dust floating around.",-0.1103711724,0,0,0,0,0,0
18,Tinkerbell,15,"An immersive animated scene featuring a small fairy with sparkling blonde hair in an elegant bun, intricately detailed translucent wings shaped like those of a butterfly, and a signature green dress with ornate embroidery and floral accents, gracefully navigating a luminous enchanted forest with a trail of magical pixie dust.",-0.109270066,0,0,0,0,0,0
19,Tinkerbell,18,"An exquisitely rendered scene showing a cartoon fairy with artfully styled blonde hair in a refined bun, lifelike, shimmering translucent wings with gentle fluttering details, and a meticulously detailed green dress with fine embroidery and nature-inspired motifs, set within a richly enchanted, starlit forest complete with dynamic movement and a cascade of magical pixie dust.",-0.1115390062,0,0,0,0,0,1
20,Tinkerbell,20,"Tinkerbell in the classic animated style: a petite, graceful fairy featuring shining, carefully styled blonde hair in a bun, exquisitely rendered translucent, butterfly-like wings, and the iconic green tunic adorned with delicate floral embroidery; set against a richly detailed enchanted forest bathed in soft moonlight with a dynamic, soaring pose and an unmistakable trail of sparkling magical pixie dust.",-0.04164621234,1,1,1,3,1,1
1,Yoda,20_keywords,"Star Wars, The Mandalorian, The Child, Disney, Cute, meme, Grogu, adorable, green, soft, merchandise, small, robe, alien, popular, sci-fi, species, puppet, viral, miniature, cartoon",-0.05268579721,1,1,1,3,1,1
2,Yoda,15_keywords_1,"Cute, robe, small, Disney, adorable, The Child, alien, puppet, viral, sci-fi, miniature, Grogu, popular, merchandise, cartoon",-0.09060239792,1,1,1,3,1,1
3,Yoda,15_keywords_2,"sci-fi, merchandise, popular, The Child, alien, cartoon, adorable, The Mandalorian, Grogu, Disney, puppet, green, miniature, viral, small",-0.130365774,1,1,1,3,1,1
4,Yoda,15_keywords_3,"Grogu, cartoon, merchandise, The Child, small, alien, The Mandalorian, Cute, Disney, sci-fi, puppet, popular, meme, soft, viral",-0.02853229642,1,1,1,3,1,1
5,Yoda,10_keywords_1,"miniature, Disney, meme, Star Wars, Grogu, Cute, small, viral, soft, cartoon",-0.07639420033,1,1,1,3,1,1
6,Yoda,10_keywords_2,"Cute, cartoon, alien, Star Wars, Grogu, The Child, soft, merchandise, adorable, green",-0.06602263451,1,1,1,3,1,1
7,Yoda,10_keywords_3,"soft, robe, The Mandalorian, green, The Child, species, merchandise, meme, small, sci-fi",-0.0959790349,0,0,0,0,0,0
8,Yoda,5_keywords_1,"sci-fi, soft, Grogu, The Mandalorian, green",-0.06865374744,1,1,1,3,1,1
9,Yoda,5_keywords_2,"The Mandalorian, Cute, popular, green, small",-0.1716999412,0,0,0,0,0,0
10,Yoda,5_keywords_3,"Disney, miniature, small, The Mandalorian, meme",-0.1344130784,0,1,1,2,1,1
11,Yoda,2,"A whimsical, diminutive green character with subtle aged details and slightly pointed ears, dressed in modest attire and set against a gentle, misty background.",-0.1428230405,0,0,0,0,0,0
12,Yoda,3,"A tiny, verdant cartoon figure with soft, rounded features and faintly pointed ears, exuding an air of knowledge in a dreamy, forest-like scene.",-0.1724107862,0,0,0,0,0,0
13,Yoda,4,"A charming, small green character with delicate, slightly elongated ears and a serene expression, portrayed in a simple cartoon style amid a magical, twilight landscape.",-0.2414847165,0,0,0,0,0,0
14,Yoda,8,"An illustrated small green character showcasing prominent pointed ears, a wrinkled yet kind face, and a textured brown robe, all set within a softly glowing, enchanted woodland scene.",-0.1509366035,0,0,0,0,0,1
15,Yoda,9,"A detailed cartoon portrait of a diminutive green sage with unmistakable large pointed ears, deep creases on his face, and a flowing brown robe, set amid ancient ruins and mystical foliage.",-0.1131081581,0,0,0,0,0,1
16,Yoda,10,"A richly detailed drawing of a small green mentor with bold, pointed ears, wise deep-set eyes, and a rugged brown robe, positioned in a vibrant, fantastical setting with hints of ancient architecture.",-0.1784445494,0,0,0,0,0,0
17,Yoda,13,"A vibrant, animated portrait of a small green mentor showing off distinctive large pointed ears, graceful wrinkles hinting at wisdom, and a richly textured brown robe, all immersed in a magical environment with ancient temples and soft, ethereal lighting.",-0.161788553,0,0,0,0,0,0
18,Yoda,15,"An expressive illustration of a tiny, sage-like green character featuring characteristic large pointed ears, facial features that reveal deep wisdom, and a flowing, detailed brown robe, all presented in a scene that includes enchanted temples, magical lighting, and a mysterious, fog-laden forest.",-0.208720848,0,0,0,0,0,0
19,Yoda,19,"A high-detail, imaginative rendering of a diminutive, wise green mentor characterized by unmistakable oversized pointed ears, soulful, expressive eyes, and a richly textured, aged brown robe, dynamically positioned in a fantastical setting featuring ancient temples, ethereal mists, vibrant magical flora, and a starlit sky.",-0.1588504314,0,0,0,0,0,1
20,Yoda,20,"Yoda: a fully detailed, diminutive, sage-like green Jedi Master with iconic oversized pointed ears, deeply wise and expressive eyes, and intricately creased, vibrant green skin; wearing a traditional, rugged brown Jedi robe adorned with ancient designs, wielding a light saber, and depicted in an epic, mystical setting filled with ancient stone ruins, swirling mists, and a cosmic starry backdrop, radiating timeless wisdom and power.",-0.02864855528,1,1,1,3,1,1